
-- --------------------------------------------------------
-- Script de Migración de JSON a MySQL para Unitrópico Web
-- Generado Automáticamente
-- --------------------------------------------------------
SET NAMES utf8mb4;
SET FOREIGN_KEY_CHECKS=0;

-- Proyectos
INSERT IGNORE INTO projects (id, revision) VALUES ('unitropico-virtual-tour', 1);
UPDATE projects SET revision = 1 WHERE id = 'unitropico-virtual-tour';

-- Contenidos
INSERT INTO contents (id, project_id, title, type, src, html, allow_scripts) VALUES ('content-1771879394828', 'unitropico-virtual-tour', 'Malla PDF', 'pdf', '/media/pdf/malla.pdf', '', 1) ON DUPLICATE KEY UPDATE title=VALUES(title), type=VALUES(type), src=VALUES(src), html=VALUES(html), allow_scripts=VALUES(allow_scripts);
INSERT INTO contents (id, project_id, title, type, src, html, allow_scripts) VALUES ('html-1771448826590', 'unitropico-virtual-tour', 'Información General del Programa', 'html', '', '/media/html/seq-01/html-1771448826590.html', 1) ON DUPLICATE KEY UPDATE title=VALUES(title), type=VALUES(type), src=VALUES(src), html=VALUES(html), allow_scripts=VALUES(allow_scripts);
INSERT INTO contents (id, project_id, title, type, src, html, allow_scripts) VALUES ('html-1771513108092', 'unitropico-virtual-tour', 'Título', 'html', '', '/media/html/seq-01/html-1771513108092.html', 1) ON DUPLICATE KEY UPDATE title=VALUES(title), type=VALUES(type), src=VALUES(src), html=VALUES(html), allow_scripts=VALUES(allow_scripts);
INSERT INTO contents (id, project_id, title, type, src, html, allow_scripts) VALUES ('html-1771518749399', 'unitropico-virtual-tour', 'Relación de la Denominación', 'html', '', '/media/html/seq-01/html-1771518749399.html', 1) ON DUPLICATE KEY UPDATE title=VALUES(title), type=VALUES(type), src=VALUES(src), html=VALUES(html), allow_scripts=VALUES(allow_scripts);
INSERT INTO contents (id, project_id, title, type, src, html, allow_scripts) VALUES ('html-1771522548284', 'unitropico-virtual-tour', 'Perfil de Egreso', 'html', '', '/media/html/seq-01/html-1771522548284.html', 1) ON DUPLICATE KEY UPDATE title=VALUES(title), type=VALUES(type), src=VALUES(src), html=VALUES(html), allow_scripts=VALUES(allow_scripts);
INSERT INTO contents (id, project_id, title, type, src, html, allow_scripts) VALUES ('html-1771527477689', 'unitropico-virtual-tour', 'Título', 'html', '', '/media/html/seq-02/html-1771527477689.html', 1) ON DUPLICATE KEY UPDATE title=VALUES(title), type=VALUES(type), src=VALUES(src), html=VALUES(html), allow_scripts=VALUES(allow_scripts);
INSERT INTO contents (id, project_id, title, type, src, html, allow_scripts) VALUES ('html-1771557531183', 'unitropico-virtual-tour', 'Estado de la Oferta Internacional', 'html', '', '/media/html/seq-02/html-1771557531183.html', 1) ON DUPLICATE KEY UPDATE title=VALUES(title), type=VALUES(type), src=VALUES(src), html=VALUES(html), allow_scripts=VALUES(allow_scripts);
INSERT INTO contents (id, project_id, title, type, src, html, allow_scripts) VALUES ('html-1771558486278', 'unitropico-virtual-tour', 'Estado de la Oferta Nacional', 'html', '', '/media/html/seq-02/html-1771558486278.html', 1) ON DUPLICATE KEY UPDATE title=VALUES(title), type=VALUES(type), src=VALUES(src), html=VALUES(html), allow_scripts=VALUES(allow_scripts);
INSERT INTO contents (id, project_id, title, type, src, html, allow_scripts) VALUES ('html-1771558690464', 'unitropico-virtual-tour', 'Distribución Geográfica', 'html', '', '/media/html/seq-02/html-1771558690464.html', 1) ON DUPLICATE KEY UPDATE title=VALUES(title), type=VALUES(type), src=VALUES(src), html=VALUES(html), allow_scripts=VALUES(allow_scripts);
INSERT INTO contents (id, project_id, title, type, src, html, allow_scripts) VALUES ('html-1771561751235', 'unitropico-virtual-tour', 'título', 'html', '', '/media/html/seq-03/html-1771561751235.html', 1) ON DUPLICATE KEY UPDATE title=VALUES(title), type=VALUES(type), src=VALUES(src), html=VALUES(html), allow_scripts=VALUES(allow_scripts);
INSERT INTO contents (id, project_id, title, type, src, html, allow_scripts) VALUES ('html-1771599766397', 'unitropico-virtual-tour', 'Título', 'html', '', '/media/html/seq-05/html-1771599766397.html', 1) ON DUPLICATE KEY UPDATE title=VALUES(title), type=VALUES(type), src=VALUES(src), html=VALUES(html), allow_scripts=VALUES(allow_scripts);
INSERT INTO contents (id, project_id, title, type, src, html, allow_scripts) VALUES ('html-1771617210404', 'unitropico-virtual-tour', 'Título', 'html', '', '/media/html/seq-04/html-1771617210404.html', 1) ON DUPLICATE KEY UPDATE title=VALUES(title), type=VALUES(type), src=VALUES(src), html=VALUES(html), allow_scripts=VALUES(allow_scripts);
INSERT INTO contents (id, project_id, title, type, src, html, allow_scripts) VALUES ('html-1771619628468', 'unitropico-virtual-tour', 'Título', 'html', '', '/media/html/seq-06/html-1771619628468.html', 1) ON DUPLICATE KEY UPDATE title=VALUES(title), type=VALUES(type), src=VALUES(src), html=VALUES(html), allow_scripts=VALUES(allow_scripts);
INSERT INTO contents (id, project_id, title, type, src, html, allow_scripts) VALUES ('html-1771620629581', 'unitropico-virtual-tour', 'Título', 'html', '', '/media/html/seq-07/html-1771620629581.html', 1) ON DUPLICATE KEY UPDATE title=VALUES(title), type=VALUES(type), src=VALUES(src), html=VALUES(html), allow_scripts=VALUES(allow_scripts);
INSERT INTO contents (id, project_id, title, type, src, html, allow_scripts) VALUES ('html-1771620686124', 'unitropico-virtual-tour', 'Título', 'html', '', '/media/html/seq-08/html-1771620686124.html', 1) ON DUPLICATE KEY UPDATE title=VALUES(title), type=VALUES(type), src=VALUES(src), html=VALUES(html), allow_scripts=VALUES(allow_scripts);
INSERT INTO contents (id, project_id, title, type, src, html, allow_scripts) VALUES ('html-1771620815751', 'unitropico-virtual-tour', 'Título', 'html', '', '/media/html/seq-09/html-1771620815751.html', 1) ON DUPLICATE KEY UPDATE title=VALUES(title), type=VALUES(type), src=VALUES(src), html=VALUES(html), allow_scripts=VALUES(allow_scripts);
INSERT INTO contents (id, project_id, title, type, src, html, allow_scripts) VALUES ('html-1771624268235', 'unitropico-virtual-tour', 'Proyecto educativo Programa - PEP', 'html', '', '/media/html/seq-04/html-1771624268235.html', 1) ON DUPLICATE KEY UPDATE title=VALUES(title), type=VALUES(type), src=VALUES(src), html=VALUES(html), allow_scripts=VALUES(allow_scripts);
INSERT INTO contents (id, project_id, title, type, src, html, allow_scripts) VALUES ('html-1771625142380', 'unitropico-virtual-tour', 'Contenidos Curriculares', 'html', '', '/media/html/seq-04/html-1771625142380.html', 1) ON DUPLICATE KEY UPDATE title=VALUES(title), type=VALUES(type), src=VALUES(src), html=VALUES(html), allow_scripts=VALUES(allow_scripts);
INSERT INTO contents (id, project_id, title, type, src, html, allow_scripts) VALUES ('html-1771626080492', 'unitropico-virtual-tour', 'Distribución Geográfica', 'html', '', '/media/html/seq-02/html-1771626080492.html', 1) ON DUPLICATE KEY UPDATE title=VALUES(title), type=VALUES(type), src=VALUES(src), html=VALUES(html), allow_scripts=VALUES(allow_scripts);
INSERT INTO contents (id, project_id, title, type, src, html, allow_scripts) VALUES ('html-1771798893366', 'unitropico-virtual-tour', 'Contenidos Curriculares', 'html', '', '/media/html/seq-04/html-1771798893366.html', 1) ON DUPLICATE KEY UPDATE title=VALUES(title), type=VALUES(type), src=VALUES(src), html=VALUES(html), allow_scripts=VALUES(allow_scripts);
INSERT INTO contents (id, project_id, title, type, src, html, allow_scripts) VALUES ('html-1771799297594', 'unitropico-virtual-tour', 'Contenidos Curriculares', 'html', '', '/media/html/seq-04/html-1771799297594.html', 1) ON DUPLICATE KEY UPDATE title=VALUES(title), type=VALUES(type), src=VALUES(src), html=VALUES(html), allow_scripts=VALUES(allow_scripts);
INSERT INTO contents (id, project_id, title, type, src, html, allow_scripts) VALUES ('html-1771799842088', 'unitropico-virtual-tour', 'Contenidos Curriculares', 'html', '', '/media/html/seq-04/html-1771799842088.html', 1) ON DUPLICATE KEY UPDATE title=VALUES(title), type=VALUES(type), src=VALUES(src), html=VALUES(html), allow_scripts=VALUES(allow_scripts);
INSERT INTO contents (id, project_id, title, type, src, html, allow_scripts) VALUES ('html-1771807767283', 'unitropico-virtual-tour', 'Contenidos Curriculares', 'html', '', '/media/html/seq-04/html-1771807767283.html', 1) ON DUPLICATE KEY UPDATE title=VALUES(title), type=VALUES(type), src=VALUES(src), html=VALUES(html), allow_scripts=VALUES(allow_scripts);
INSERT INTO contents (id, project_id, title, type, src, html, allow_scripts) VALUES ('html-1771808469578', 'unitropico-virtual-tour', 'Contenidos Curriculares', 'html', '', '/media/html/seq-04/html-1771808469578.html', 1) ON DUPLICATE KEY UPDATE title=VALUES(title), type=VALUES(type), src=VALUES(src), html=VALUES(html), allow_scripts=VALUES(allow_scripts);
INSERT INTO contents (id, project_id, title, type, src, html, allow_scripts) VALUES ('html-1771808969795', 'unitropico-virtual-tour', 'Contenidos Curriculares', 'html', '', '/media/html/seq-04/html-1771808969795.html', 1) ON DUPLICATE KEY UPDATE title=VALUES(title), type=VALUES(type), src=VALUES(src), html=VALUES(html), allow_scripts=VALUES(allow_scripts);
INSERT INTO contents (id, project_id, title, type, src, html, allow_scripts) VALUES ('html-1771809454331', 'unitropico-virtual-tour', 'Contenidos Curriculares', 'html', '', '/media/html/seq-04/html-1771809454331.html', 1) ON DUPLICATE KEY UPDATE title=VALUES(title), type=VALUES(type), src=VALUES(src), html=VALUES(html), allow_scripts=VALUES(allow_scripts);
INSERT INTO contents (id, project_id, title, type, src, html, allow_scripts) VALUES ('html-1771809720777', 'unitropico-virtual-tour', 'Contenidos Curriculares', 'html', '', '/media/html/seq-04/html-1771809720777.html', 1) ON DUPLICATE KEY UPDATE title=VALUES(title), type=VALUES(type), src=VALUES(src), html=VALUES(html), allow_scripts=VALUES(allow_scripts);
INSERT INTO contents (id, project_id, title, type, src, html, allow_scripts) VALUES ('html-1771809948382', 'unitropico-virtual-tour', 'Contenidos Curriculares', 'html', '', '/media/html/seq-04/html-1771809948382.html', 1) ON DUPLICATE KEY UPDATE title=VALUES(title), type=VALUES(type), src=VALUES(src), html=VALUES(html), allow_scripts=VALUES(allow_scripts);
INSERT INTO contents (id, project_id, title, type, src, html, allow_scripts) VALUES ('html-1771810128412', 'unitropico-virtual-tour', 'Microcurrículo', 'html', '', '/media/html/seq-04/html-1771810128412.html', 1) ON DUPLICATE KEY UPDATE title=VALUES(title), type=VALUES(type), src=VALUES(src), html=VALUES(html), allow_scripts=VALUES(allow_scripts);
INSERT INTO contents (id, project_id, title, type, src, html, allow_scripts) VALUES ('html-1771810269693', 'unitropico-virtual-tour', 'Actividades Académicas', 'html', '', '/media/html/seq-04/html-1771810269693.html', 1) ON DUPLICATE KEY UPDATE title=VALUES(title), type=VALUES(type), src=VALUES(src), html=VALUES(html), allow_scripts=VALUES(allow_scripts);
INSERT INTO contents (id, project_id, title, type, src, html, allow_scripts) VALUES ('html-1771811308452', 'unitropico-virtual-tour', 'Créditos Académicos', 'html', '', '/media/html/seq-04/html-1771811308452.html', 1) ON DUPLICATE KEY UPDATE title=VALUES(title), type=VALUES(type), src=VALUES(src), html=VALUES(html), allow_scripts=VALUES(allow_scripts);
INSERT INTO contents (id, project_id, title, type, src, html, allow_scripts) VALUES ('html-1771811489726', 'unitropico-virtual-tour', 'Discriminación Horas', 'html', '', '/media/html/seq-04/html-1771811489726.html', 1) ON DUPLICATE KEY UPDATE title=VALUES(title), type=VALUES(type), src=VALUES(src), html=VALUES(html), allow_scripts=VALUES(allow_scripts);
INSERT INTO contents (id, project_id, title, type, src, html, allow_scripts) VALUES ('html-1771862834021', 'unitropico-virtual-tour', 'Presentacion', 'html', '', '/media/html/seq-10/html-1771862834021.html', 1) ON DUPLICATE KEY UPDATE title=VALUES(title), type=VALUES(type), src=VALUES(src), html=VALUES(html), allow_scripts=VALUES(allow_scripts);
INSERT INTO contents (id, project_id, title, type, src, html, allow_scripts) VALUES ('html-1771864637316', 'unitropico-virtual-tour', 'Estructura Orgánica', 'html', '', '/media/html/seq-10/html-1771864637316.html', 1) ON DUPLICATE KEY UPDATE title=VALUES(title), type=VALUES(type), src=VALUES(src), html=VALUES(html), allow_scripts=VALUES(allow_scripts);
INSERT INTO contents (id, project_id, title, type, src, html, allow_scripts) VALUES ('html-1771875501529', 'unitropico-virtual-tour', 'Componentes Formativos', 'html', '', '/media/html/seq-03/html-1771875501529.html', 1) ON DUPLICATE KEY UPDATE title=VALUES(title), type=VALUES(type), src=VALUES(src), html=VALUES(html), allow_scripts=VALUES(allow_scripts);
INSERT INTO contents (id, project_id, title, type, src, html, allow_scripts) VALUES ('html-1771875567285', 'unitropico-virtual-tour', 'Lineamientos Curriculares del Programa', 'html', '', '/media/html/seq-03/html-1771875567285.html', 1) ON DUPLICATE KEY UPDATE title=VALUES(title), type=VALUES(type), src=VALUES(src), html=VALUES(html), allow_scripts=VALUES(allow_scripts);
INSERT INTO contents (id, project_id, title, type, src, html, allow_scripts) VALUES ('html-1771876887337', 'unitropico-virtual-tour', 'Lineamientos Curriculares del Programa', 'html', '', '/media/html/seq-03/html-1771876887337.html', 1) ON DUPLICATE KEY UPDATE title=VALUES(title), type=VALUES(type), src=VALUES(src), html=VALUES(html), allow_scripts=VALUES(allow_scripts);
INSERT INTO contents (id, project_id, title, type, src, html, allow_scripts) VALUES ('html-1771877502164', 'unitropico-virtual-tour', 'Estrategias de seguimiento', 'html', '', '/media/html/seq-04/html-1771877502164.html', 1) ON DUPLICATE KEY UPDATE title=VALUES(title), type=VALUES(type), src=VALUES(src), html=VALUES(html), allow_scripts=VALUES(allow_scripts);
INSERT INTO contents (id, project_id, title, type, src, html, allow_scripts) VALUES ('html-1771878004713', 'unitropico-virtual-tour', 'Nueva Diapositiva HTML', 'html', '', '/media/html/seq-10/html-1771878004713.html', 1) ON DUPLICATE KEY UPDATE title=VALUES(title), type=VALUES(type), src=VALUES(src), html=VALUES(html), allow_scripts=VALUES(allow_scripts);
INSERT INTO contents (id, project_id, title, type, src, html, allow_scripts) VALUES ('html-1771879219898', 'unitropico-virtual-tour', 'Distribución de asignaturas y créditos', 'html', '', '/media/html/seq-03/html-1771879219898.html', 1) ON DUPLICATE KEY UPDATE title=VALUES(title), type=VALUES(type), src=VALUES(src), html=VALUES(html), allow_scripts=VALUES(allow_scripts);
INSERT INTO contents (id, project_id, title, type, src, html, allow_scripts) VALUES ('html-1771879535051', 'unitropico-virtual-tour', 'Malla', 'html', '', '/media/html/seq-03/html-1771879535051.html', 1) ON DUPLICATE KEY UPDATE title=VALUES(title), type=VALUES(type), src=VALUES(src), html=VALUES(html), allow_scripts=VALUES(allow_scripts);
INSERT INTO contents (id, project_id, title, type, src, html, allow_scripts) VALUES ('html-1771879771970', 'unitropico-virtual-tour', 'Índice de flexibilidad curricular', 'html', '', '/media/html/seq-03/html-1771879771970.html', 1) ON DUPLICATE KEY UPDATE title=VALUES(title), type=VALUES(type), src=VALUES(src), html=VALUES(html), allow_scripts=VALUES(allow_scripts);
INSERT INTO contents (id, project_id, title, type, src, html, allow_scripts) VALUES ('html-1771879907874', 'unitropico-virtual-tour', 'Flexibilización', 'html', '', '/media/html/seq-03/html-1771879907874.html', 1) ON DUPLICATE KEY UPDATE title=VALUES(title), type=VALUES(type), src=VALUES(src), html=VALUES(html), allow_scripts=VALUES(allow_scripts);
INSERT INTO contents (id, project_id, title, type, src, html, allow_scripts) VALUES ('html-1771880452106', 'unitropico-virtual-tour', 'Estrategias de flexibilización para el desarrollo del programa', 'html', '', '/media/html/seq-03/html-1771880452106.html', 1) ON DUPLICATE KEY UPDATE title=VALUES(title), type=VALUES(type), src=VALUES(src), html=VALUES(html), allow_scripts=VALUES(allow_scripts);
INSERT INTO contents (id, project_id, title, type, src, html, allow_scripts) VALUES ('html-1771881266123', 'unitropico-virtual-tour', 'Componentes Formativos', 'html', '', '/media/html/seq-03/html-1771881266123.html', 1) ON DUPLICATE KEY UPDATE title=VALUES(title), type=VALUES(type), src=VALUES(src), html=VALUES(html), allow_scripts=VALUES(allow_scripts);
INSERT INTO contents (id, project_id, title, type, src, html, allow_scripts) VALUES ('html-1771881854987', 'unitropico-virtual-tour', 'Competencias', 'html', '', '/media/html/seq-03/html-1771881854987.html', 1) ON DUPLICATE KEY UPDATE title=VALUES(title), type=VALUES(type), src=VALUES(src), html=VALUES(html), allow_scripts=VALUES(allow_scripts);
INSERT INTO contents (id, project_id, title, type, src, html, allow_scripts) VALUES ('html-1771882295588', 'unitropico-virtual-tour', 'Competencias', 'html', '', '/media/html/seq-03/html-1771882295588.html', 1) ON DUPLICATE KEY UPDATE title=VALUES(title), type=VALUES(type), src=VALUES(src), html=VALUES(html), allow_scripts=VALUES(allow_scripts);
INSERT INTO contents (id, project_id, title, type, src, html, allow_scripts) VALUES ('html-1771884607574', 'unitropico-virtual-tour', 'Competencias', 'html', '', '/media/html/seq-03/html-1771884607574.html', 1) ON DUPLICATE KEY UPDATE title=VALUES(title), type=VALUES(type), src=VALUES(src), html=VALUES(html), allow_scripts=VALUES(allow_scripts);
INSERT INTO contents (id, project_id, title, type, src, html, allow_scripts) VALUES ('html-1771884990735', 'unitropico-virtual-tour', 'Componentes Formativos', 'html', '', '/media/html/seq-03/html-1771884990735.html', 1) ON DUPLICATE KEY UPDATE title=VALUES(title), type=VALUES(type), src=VALUES(src), html=VALUES(html), allow_scripts=VALUES(allow_scripts);
INSERT INTO contents (id, project_id, title, type, src, html, allow_scripts) VALUES ('html-1771885551479', 'unitropico-virtual-tour', 'Componentes Formativos', 'html', '', '/media/html/seq-03/html-1771885551479.html', 1) ON DUPLICATE KEY UPDATE title=VALUES(title), type=VALUES(type), src=VALUES(src), html=VALUES(html), allow_scripts=VALUES(allow_scripts);
INSERT INTO contents (id, project_id, title, type, src, html, allow_scripts) VALUES ('html-1771887051119', 'unitropico-virtual-tour', 'Componentes Pedagógicos', 'html', '', '/media/html/seq-03/html-1771887051119.html', 1) ON DUPLICATE KEY UPDATE title=VALUES(title), type=VALUES(type), src=VALUES(src), html=VALUES(html), allow_scripts=VALUES(allow_scripts);
INSERT INTO contents (id, project_id, title, type, src, html, allow_scripts) VALUES ('html-1771887566143', 'unitropico-virtual-tour', 'Modelo Pedagógico', 'html', '', '/media/html/seq-03/html-1771887566143.html', 1) ON DUPLICATE KEY UPDATE title=VALUES(title), type=VALUES(type), src=VALUES(src), html=VALUES(html), allow_scripts=VALUES(allow_scripts);
INSERT INTO contents (id, project_id, title, type, src, html, allow_scripts) VALUES ('html-1771909994125', 'unitropico-virtual-tour', 'Descripción de los componentes pedagógicos', 'html', '', '/media/html/seq-03/html-1771909994125.html', 1) ON DUPLICATE KEY UPDATE title=VALUES(title), type=VALUES(type), src=VALUES(src), html=VALUES(html), allow_scripts=VALUES(allow_scripts);
INSERT INTO contents (id, project_id, title, type, src, html, allow_scripts) VALUES ('html-1771910274990', 'unitropico-virtual-tour', 'Descripción de los componentes pedagógicos', 'html', '', '/media/html/seq-03/html-1771910274990.html', 1) ON DUPLICATE KEY UPDATE title=VALUES(title), type=VALUES(type), src=VALUES(src), html=VALUES(html), allow_scripts=VALUES(allow_scripts);
INSERT INTO contents (id, project_id, title, type, src, html, allow_scripts) VALUES ('html-1771910400188', 'unitropico-virtual-tour', 'Componentes pedagógicos', 'html', '', '/media/html/seq-03/html-1771910400188.html', 1) ON DUPLICATE KEY UPDATE title=VALUES(title), type=VALUES(type), src=VALUES(src), html=VALUES(html), allow_scripts=VALUES(allow_scripts);
INSERT INTO contents (id, project_id, title, type, src, html, allow_scripts) VALUES ('html-1771910576664', 'unitropico-virtual-tour', 'Componentes de Interacción', 'html', '', '/media/html/seq-03/html-1771910576664.html', 1) ON DUPLICATE KEY UPDATE title=VALUES(title), type=VALUES(type), src=VALUES(src), html=VALUES(html), allow_scripts=VALUES(allow_scripts);
INSERT INTO contents (id, project_id, title, type, src, html, allow_scripts) VALUES ('html-1771910761899', 'unitropico-virtual-tour', 'Articulación de los componentes', 'html', '', '/media/html/seq-03/html-1771910761899.html', 1) ON DUPLICATE KEY UPDATE title=VALUES(title), type=VALUES(type), src=VALUES(src), html=VALUES(html), allow_scripts=VALUES(allow_scripts);
INSERT INTO contents (id, project_id, title, type, src, html, allow_scripts) VALUES ('html-1771911468501', 'unitropico-virtual-tour', 'Actores, contexto y dinámicas de interacción', 'html', '', '/media/html/seq-03/html-1771911468501.html', 1) ON DUPLICATE KEY UPDATE title=VALUES(title), type=VALUES(type), src=VALUES(src), html=VALUES(html), allow_scripts=VALUES(allow_scripts);
INSERT INTO contents (id, project_id, title, type, src, html, allow_scripts) VALUES ('html-1771911687120', 'unitropico-virtual-tour', 'Conceptualización Teórica y Epistemológica', 'html', '', '/media/html/seq-03/html-1771911687120.html', 1) ON DUPLICATE KEY UPDATE title=VALUES(title), type=VALUES(type), src=VALUES(src), html=VALUES(html), allow_scripts=VALUES(allow_scripts);
INSERT INTO contents (id, project_id, title, type, src, html, allow_scripts) VALUES ('html-1771911997947', 'unitropico-virtual-tour', 'Actividades para favorecer la Internacionalización', 'html', '', '/media/html/seq-03/html-1771911997947.html', 1) ON DUPLICATE KEY UPDATE title=VALUES(title), type=VALUES(type), src=VALUES(src), html=VALUES(html), allow_scripts=VALUES(allow_scripts);
INSERT INTO contents (id, project_id, title, type, src, html, allow_scripts) VALUES ('html-1771912038059', 'unitropico-virtual-tour', 'Fundamentación Teórica', 'html', '', '/media/html/seq-03/html-1771912038059.html', 1) ON DUPLICATE KEY UPDATE title=VALUES(title), type=VALUES(type), src=VALUES(src), html=VALUES(html), allow_scripts=VALUES(allow_scripts);
INSERT INTO contents (id, project_id, title, type, src, html, allow_scripts) VALUES ('html-1771912089159', 'unitropico-virtual-tour', 'Mecanismos de Evaluación', 'html', '', '/media/html/seq-03/html-1771912089159.html', 1) ON DUPLICATE KEY UPDATE title=VALUES(title), type=VALUES(type), src=VALUES(src), html=VALUES(html), allow_scripts=VALUES(allow_scripts);
INSERT INTO contents (id, project_id, title, type, src, html, allow_scripts) VALUES ('html-1771912141468', 'unitropico-virtual-tour', 'Actividades para favorecer la Internacionalización', 'html', '', '/media/html/seq-03/html-1771912141468.html', 1) ON DUPLICATE KEY UPDATE title=VALUES(title), type=VALUES(type), src=VALUES(src), html=VALUES(html), allow_scripts=VALUES(allow_scripts);
INSERT INTO contents (id, project_id, title, type, src, html, allow_scripts) VALUES ('html-1771912466121', 'unitropico-virtual-tour', 'Descripción y diseño de los mecanismos de evaluación', 'html', '', '/media/html/seq-03/html-1771912466121.html', 1) ON DUPLICATE KEY UPDATE title=VALUES(title), type=VALUES(type), src=VALUES(src), html=VALUES(html), allow_scripts=VALUES(allow_scripts);
INSERT INTO contents (id, project_id, title, type, src, html, allow_scripts) VALUES ('html-1771912945476', 'unitropico-virtual-tour', 'Seguimiento sistemático a los RAE', 'html', '', '/media/html/seq-03/html-1771912945476.html', 1) ON DUPLICATE KEY UPDATE title=VALUES(title), type=VALUES(type), src=VALUES(src), html=VALUES(html), allow_scripts=VALUES(allow_scripts);
INSERT INTO contents (id, project_id, title, type, src, html, allow_scripts) VALUES ('html-1771913809844', 'unitropico-virtual-tour', 'Seguimiento sistemático a los RAE', 'html', '', '/media/html/seq-03/html-1771913809844.html', 1) ON DUPLICATE KEY UPDATE title=VALUES(title), type=VALUES(type), src=VALUES(src), html=VALUES(html), allow_scripts=VALUES(allow_scripts);
INSERT INTO contents (id, project_id, title, type, src, html, allow_scripts) VALUES ('html-1771913978676', 'unitropico-virtual-tour', 'Mecanismos de retroalimentación a los estudiantes', 'html', '', '/media/html/seq-03/html-1771913978676.html', 1) ON DUPLICATE KEY UPDATE title=VALUES(title), type=VALUES(type), src=VALUES(src), html=VALUES(html), allow_scripts=VALUES(allow_scripts);
INSERT INTO contents (id, project_id, title, type, src, html, allow_scripts) VALUES ('html-1771960948768', 'unitropico-virtual-tour', 'Contenidos Investigación', 'html', '', '/media/html/seq-05/html-1771960948768.html', 1) ON DUPLICATE KEY UPDATE title=VALUES(title), type=VALUES(type), src=VALUES(src), html=VALUES(html), allow_scripts=VALUES(allow_scripts);
INSERT INTO contents (id, project_id, title, type, src, html, allow_scripts) VALUES ('html-1771961531723', 'unitropico-virtual-tour', 'Localización Geográfica', 'html', '', '/media/html/seq-02/html-1771961531723.html', 1) ON DUPLICATE KEY UPDATE title=VALUES(title), type=VALUES(type), src=VALUES(src), html=VALUES(html), allow_scripts=VALUES(allow_scripts);
INSERT INTO contents (id, project_id, title, type, src, html, allow_scripts) VALUES ('html-1771961680263', 'unitropico-virtual-tour', 'Necesidades de la región y el país', 'html', '', '/media/html/seq-02/html-1771961680263.html', 1) ON DUPLICATE KEY UPDATE title=VALUES(title), type=VALUES(type), src=VALUES(src), html=VALUES(html), allow_scripts=VALUES(allow_scripts);
INSERT INTO contents (id, project_id, title, type, src, html, allow_scripts) VALUES ('html-1771961741670', 'unitropico-virtual-tour', 'Factores Diferenciales', 'html', '', '/media/html/seq-02/html-1771961741670.html', 1) ON DUPLICATE KEY UPDATE title=VALUES(title), type=VALUES(type), src=VALUES(src), html=VALUES(html), allow_scripts=VALUES(allow_scripts);
INSERT INTO contents (id, project_id, title, type, src, html, allow_scripts) VALUES ('html-agenda', 'unitropico-virtual-tour', 'Agenda del Programa', 'html', '', '/media/html/seq-10/html-agenda.html', 1) ON DUPLICATE KEY UPDATE title=VALUES(title), type=VALUES(type), src=VALUES(src), html=VALUES(html), allow_scripts=VALUES(allow_scripts);

-- Secuencias
INSERT INTO sequences (id, project_id, title, order_index) VALUES ('seq-01', 'unitropico-virtual-tour', '01 - Denominación del programa', 0) ON DUPLICATE KEY UPDATE title=VALUES(title), order_index=VALUES(order_index);
INSERT IGNORE INTO sequence_contents (sequence_id, content_id, order_index) VALUES ('seq-01', 'html-1771513108092', 0);
INSERT IGNORE INTO sequence_contents (sequence_id, content_id, order_index) VALUES ('seq-01', 'html-1771448826590', 1);
INSERT IGNORE INTO sequence_contents (sequence_id, content_id, order_index) VALUES ('seq-01', 'html-1771518749399', 2);
INSERT IGNORE INTO sequence_contents (sequence_id, content_id, order_index) VALUES ('seq-01', 'html-1771522548284', 3);
INSERT INTO sequences (id, project_id, title, order_index) VALUES ('seq-02', 'unitropico-virtual-tour', '02 - Justificación del programa', 1) ON DUPLICATE KEY UPDATE title=VALUES(title), order_index=VALUES(order_index);
INSERT IGNORE INTO sequence_contents (sequence_id, content_id, order_index) VALUES ('seq-02', 'html-1771527477689', 0);
INSERT IGNORE INTO sequence_contents (sequence_id, content_id, order_index) VALUES ('seq-02', 'html-1771557531183', 1);
INSERT IGNORE INTO sequence_contents (sequence_id, content_id, order_index) VALUES ('seq-02', 'html-1771558486278', 2);
INSERT IGNORE INTO sequence_contents (sequence_id, content_id, order_index) VALUES ('seq-02', 'html-1771558690464', 3);
INSERT IGNORE INTO sequence_contents (sequence_id, content_id, order_index) VALUES ('seq-02', 'html-1771626080492', 4);
INSERT IGNORE INTO sequence_contents (sequence_id, content_id, order_index) VALUES ('seq-02', 'html-1771961531723', 5);
INSERT IGNORE INTO sequence_contents (sequence_id, content_id, order_index) VALUES ('seq-02', 'html-1771961680263', 6);
INSERT IGNORE INTO sequence_contents (sequence_id, content_id, order_index) VALUES ('seq-02', 'html-1771961741670', 7);
INSERT INTO sequences (id, project_id, title, order_index) VALUES ('seq-03', 'unitropico-virtual-tour', '03 - Aspectos curriculares', 2) ON DUPLICATE KEY UPDATE title=VALUES(title), order_index=VALUES(order_index);
INSERT IGNORE INTO sequence_contents (sequence_id, content_id, order_index) VALUES ('seq-03', 'html-1771561751235', 0);
INSERT IGNORE INTO sequence_contents (sequence_id, content_id, order_index) VALUES ('seq-03', 'html-1771875501529', 1);
INSERT IGNORE INTO sequence_contents (sequence_id, content_id, order_index) VALUES ('seq-03', 'html-1771875567285', 2);
INSERT IGNORE INTO sequence_contents (sequence_id, content_id, order_index) VALUES ('seq-03', 'html-1771876887337', 3);
INSERT IGNORE INTO sequence_contents (sequence_id, content_id, order_index) VALUES ('seq-03', 'html-1771879219898', 4);
INSERT IGNORE INTO sequence_contents (sequence_id, content_id, order_index) VALUES ('seq-03', 'html-1771879535051', 5);
INSERT IGNORE INTO sequence_contents (sequence_id, content_id, order_index) VALUES ('seq-03', 'content-1771879394828', 6);
INSERT IGNORE INTO sequence_contents (sequence_id, content_id, order_index) VALUES ('seq-03', 'html-1771879771970', 7);
INSERT IGNORE INTO sequence_contents (sequence_id, content_id, order_index) VALUES ('seq-03', 'html-1771879907874', 8);
INSERT IGNORE INTO sequence_contents (sequence_id, content_id, order_index) VALUES ('seq-03', 'html-1771880452106', 9);
INSERT IGNORE INTO sequence_contents (sequence_id, content_id, order_index) VALUES ('seq-03', 'html-1771881266123', 10);
INSERT IGNORE INTO sequence_contents (sequence_id, content_id, order_index) VALUES ('seq-03', 'html-1771881854987', 11);
INSERT IGNORE INTO sequence_contents (sequence_id, content_id, order_index) VALUES ('seq-03', 'html-1771882295588', 12);
INSERT IGNORE INTO sequence_contents (sequence_id, content_id, order_index) VALUES ('seq-03', 'html-1771884607574', 13);
INSERT IGNORE INTO sequence_contents (sequence_id, content_id, order_index) VALUES ('seq-03', 'html-1771884990735', 14);
INSERT IGNORE INTO sequence_contents (sequence_id, content_id, order_index) VALUES ('seq-03', 'html-1771885551479', 15);
INSERT IGNORE INTO sequence_contents (sequence_id, content_id, order_index) VALUES ('seq-03', 'html-1771887051119', 16);
INSERT IGNORE INTO sequence_contents (sequence_id, content_id, order_index) VALUES ('seq-03', 'html-1771887566143', 17);
INSERT IGNORE INTO sequence_contents (sequence_id, content_id, order_index) VALUES ('seq-03', 'html-1771909994125', 18);
INSERT IGNORE INTO sequence_contents (sequence_id, content_id, order_index) VALUES ('seq-03', 'html-1771910274990', 19);
INSERT IGNORE INTO sequence_contents (sequence_id, content_id, order_index) VALUES ('seq-03', 'html-1771910400188', 20);
INSERT IGNORE INTO sequence_contents (sequence_id, content_id, order_index) VALUES ('seq-03', 'html-1771910576664', 21);
INSERT IGNORE INTO sequence_contents (sequence_id, content_id, order_index) VALUES ('seq-03', 'html-1771910761899', 22);
INSERT IGNORE INTO sequence_contents (sequence_id, content_id, order_index) VALUES ('seq-03', 'html-1771911468501', 23);
INSERT IGNORE INTO sequence_contents (sequence_id, content_id, order_index) VALUES ('seq-03', 'html-1771911997947', 24);
INSERT IGNORE INTO sequence_contents (sequence_id, content_id, order_index) VALUES ('seq-03', 'html-1771912141468', 25);
INSERT IGNORE INTO sequence_contents (sequence_id, content_id, order_index) VALUES ('seq-03', 'html-1771911687120', 26);
INSERT IGNORE INTO sequence_contents (sequence_id, content_id, order_index) VALUES ('seq-03', 'html-1771912038059', 27);
INSERT IGNORE INTO sequence_contents (sequence_id, content_id, order_index) VALUES ('seq-03', 'html-1771912089159', 28);
INSERT IGNORE INTO sequence_contents (sequence_id, content_id, order_index) VALUES ('seq-03', 'html-1771912466121', 29);
INSERT IGNORE INTO sequence_contents (sequence_id, content_id, order_index) VALUES ('seq-03', 'html-1771912945476', 30);
INSERT IGNORE INTO sequence_contents (sequence_id, content_id, order_index) VALUES ('seq-03', 'html-1771913809844', 31);
INSERT IGNORE INTO sequence_contents (sequence_id, content_id, order_index) VALUES ('seq-03', 'html-1771913978676', 32);
INSERT INTO sequences (id, project_id, title, order_index) VALUES ('seq-04', 'unitropico-virtual-tour', '04 - Organización de actividades académicas', 3) ON DUPLICATE KEY UPDATE title=VALUES(title), order_index=VALUES(order_index);
INSERT IGNORE INTO sequence_contents (sequence_id, content_id, order_index) VALUES ('seq-04', 'html-1771617210404', 0);
INSERT IGNORE INTO sequence_contents (sequence_id, content_id, order_index) VALUES ('seq-04', 'html-1771624268235', 1);
INSERT IGNORE INTO sequence_contents (sequence_id, content_id, order_index) VALUES ('seq-04', 'html-1771625142380', 2);
INSERT IGNORE INTO sequence_contents (sequence_id, content_id, order_index) VALUES ('seq-04', 'html-1771798893366', 3);
INSERT IGNORE INTO sequence_contents (sequence_id, content_id, order_index) VALUES ('seq-04', 'html-1771799297594', 4);
INSERT IGNORE INTO sequence_contents (sequence_id, content_id, order_index) VALUES ('seq-04', 'html-1771799842088', 5);
INSERT IGNORE INTO sequence_contents (sequence_id, content_id, order_index) VALUES ('seq-04', 'html-1771807767283', 6);
INSERT IGNORE INTO sequence_contents (sequence_id, content_id, order_index) VALUES ('seq-04', 'html-1771808469578', 7);
INSERT IGNORE INTO sequence_contents (sequence_id, content_id, order_index) VALUES ('seq-04', 'html-1771808969795', 8);
INSERT IGNORE INTO sequence_contents (sequence_id, content_id, order_index) VALUES ('seq-04', 'html-1771809454331', 9);
INSERT IGNORE INTO sequence_contents (sequence_id, content_id, order_index) VALUES ('seq-04', 'html-1771809720777', 10);
INSERT IGNORE INTO sequence_contents (sequence_id, content_id, order_index) VALUES ('seq-04', 'html-1771809948382', 11);
INSERT IGNORE INTO sequence_contents (sequence_id, content_id, order_index) VALUES ('seq-04', 'html-1771810128412', 12);
INSERT IGNORE INTO sequence_contents (sequence_id, content_id, order_index) VALUES ('seq-04', 'html-1771810269693', 13);
INSERT IGNORE INTO sequence_contents (sequence_id, content_id, order_index) VALUES ('seq-04', 'html-1771811308452', 14);
INSERT IGNORE INTO sequence_contents (sequence_id, content_id, order_index) VALUES ('seq-04', 'html-1771811489726', 15);
INSERT IGNORE INTO sequence_contents (sequence_id, content_id, order_index) VALUES ('seq-04', 'html-1771877502164', 16);
INSERT INTO sequences (id, project_id, title, order_index) VALUES ('seq-05', 'unitropico-virtual-tour', '05 - Investigación, innovación y/o creación artística y cultural', 4) ON DUPLICATE KEY UPDATE title=VALUES(title), order_index=VALUES(order_index);
INSERT IGNORE INTO sequence_contents (sequence_id, content_id, order_index) VALUES ('seq-05', 'html-1771599766397', 0);
INSERT IGNORE INTO sequence_contents (sequence_id, content_id, order_index) VALUES ('seq-05', 'html-1771960948768', 1);
INSERT INTO sequences (id, project_id, title, order_index) VALUES ('seq-06', 'unitropico-virtual-tour', '06 - Relación con el sector externo', 5) ON DUPLICATE KEY UPDATE title=VALUES(title), order_index=VALUES(order_index);
INSERT IGNORE INTO sequence_contents (sequence_id, content_id, order_index) VALUES ('seq-06', 'html-1771619628468', 0);
INSERT INTO sequences (id, project_id, title, order_index) VALUES ('seq-07', 'unitropico-virtual-tour', '07 - Profesores', 6) ON DUPLICATE KEY UPDATE title=VALUES(title), order_index=VALUES(order_index);
INSERT IGNORE INTO sequence_contents (sequence_id, content_id, order_index) VALUES ('seq-07', 'html-1771620629581', 0);
INSERT INTO sequences (id, project_id, title, order_index) VALUES ('seq-08', 'unitropico-virtual-tour', '08 - Medios educativos', 7) ON DUPLICATE KEY UPDATE title=VALUES(title), order_index=VALUES(order_index);
INSERT IGNORE INTO sequence_contents (sequence_id, content_id, order_index) VALUES ('seq-08', 'html-1771620686124', 0);
INSERT INTO sequences (id, project_id, title, order_index) VALUES ('seq-09', 'unitropico-virtual-tour', '09 - Infraestructura física y tecnológica', 8) ON DUPLICATE KEY UPDATE title=VALUES(title), order_index=VALUES(order_index);
INSERT IGNORE INTO sequence_contents (sequence_id, content_id, order_index) VALUES ('seq-09', 'html-1771620815751', 0);
INSERT INTO sequences (id, project_id, title, order_index) VALUES ('seq-10', 'unitropico-virtual-tour', 'Contexto Institucional', 9) ON DUPLICATE KEY UPDATE title=VALUES(title), order_index=VALUES(order_index);
INSERT IGNORE INTO sequence_contents (sequence_id, content_id, order_index) VALUES ('seq-10', 'html-agenda', 0);
INSERT IGNORE INTO sequence_contents (sequence_id, content_id, order_index) VALUES ('seq-10', 'html-1771862834021', 1);
INSERT IGNORE INTO sequence_contents (sequence_id, content_id, order_index) VALUES ('seq-10', 'html-1771864637316', 2);
INSERT IGNORE INTO sequence_contents (sequence_id, content_id, order_index) VALUES ('seq-10', 'html-1771878004713', 3);

SET FOREIGN_KEY_CHECKS=1;
COMMIT;
